run_dir,experiment_name,encoding_type,model_type,trainer,grid_size,sigma_delta_step,sigma_delta_edge_only,tf_events_threshold,seed,training_device,train_time_seconds,total_time_seconds,num_classes,val_loss,val_acc,test_loss,test_acc,run_name,run_datetime,run_date,run_time,per_snr_30,snr_list,snr_min,snr_max,num_snrs,per_snr_10,per_snr_0,per_snr_-4,per_snr_12,per_snr_8,per_snr_4,per_snr_2,per_snr_6,per_snr_-20,per_snr_-10,per_snr_20,per_snr_14,per_snr_16,per_snr_22,per_snr_-8,per_snr_-18,per_snr_-16,per_snr_-2,per_snr_26,per_snr_18,per_snr_24,per_snr_-14,per_snr_28,per_snr_-6,per_snr_-12
results/radioml2018_small_hrm_bptt_1_20251205_091230,radioml2018_small_hrm_bptt_1,iq_grid,hrm_rf,bptt,16,,,,42,,,,2,0.03858054056763649,1.0,0.08640053868293762,0.9807692307692307,radioml2018_small_hrm_bptt_1_20251205_091230,2025-12-05 09:12:30,2025-12-05,09:12:30,0.9807692307692307,30,30,30,1,,,,,,,,,,,,,,,,,,,,,,,,,
results/radioml2018_iqgrid_hrm_bptt_small_1_20251204_164040,radioml2018_iqgrid_hrm_bptt_small_1,iq_grid,hrm_rf,dcll,16,,,,42,,,,2,0.14105339295488115,0.9535452322738386,0.19899291643666653,0.9416058394160584,radioml2018_iqgrid_hrm_bptt_small_1_20251204_164040,2025-12-04 16:40:40,2025-12-04,16:40:40,,"0,10",0,10,2,1.0,0.88,,,,,,,,,,,,,,,,,,,,,,,
results/radioml2018_iqgrid_hrm_dcll_small_20251204_143652,radioml2018_iqgrid_hrm_dcll_small,iq_grid,hrm_rf,bptt,16,,,,42,,,,2,0.20955371073376577,0.9266503667481663,0.25298273350381795,0.9172749391727494,radioml2018_iqgrid_hrm_dcll_small_20251204_143652,2025-12-04 14:36:52,2025-12-04,14:36:52,,"0,10",0,10,2,1.0,0.83,,,,,,,,,,,,,,,,,,,,,,,
results/radioml2018_small_hrm_bptt_1_20251205_095708,radioml2018_small_hrm_bptt_1,iq_grid,hrm_rf,bptt,16,,,,42,,,,4,0.28501189396258964,0.8899755501222494,0.22788413151772352,0.8978102189781022,radioml2018_small_hrm_bptt_1_20251205_095708,2025-12-05 09:57:08,2025-12-05,09:57:08,0.8978102189781022,30,30,30,1,,,,,,,,,,,,,,,,,,,,,,,,,
results/radioml2018_iqgrid_conv2d_dcll_small_20251202_142410,radioml2018_iqgrid_conv2d_dcll_small,tf_events,conv2d_snn,dcll,16,,,,42,,,,2,0.2513451701961458,0.89599609375,0.25466394309478346,0.8916015625,radioml2018_iqgrid_conv2d_dcll_small_20251202_142410,2025-12-02 14:24:10,2025-12-02,14:24:10,,"-4,0,4,8,12",-4,12,5,,0.8888888888888888,0.6822429906542056,0.9627039627039627,0.979746835443038,0.9615384615384616,,,,,,,,,,,,,,,,,,,
results/radioml2018_iqgrid_conv2d_dcll_small_20251202_134559,radioml2018_iqgrid_conv2d_dcll_small,tf_events,conv2d_snn,dcll,16,,,,42,,,,2,0.2736808569461573,0.87451171875,0.2629005526541732,0.873046875,radioml2018_iqgrid_conv2d_dcll_small_20251202_134559,2025-12-02 13:45:59,2025-12-02,13:45:59,,"-4,0,4,8,12",-4,12,5,,0.8703703703703703,0.6355140186915887,0.9743589743589743,0.959493670886076,0.9423076923076923,,,,,,,,,,,,,,,,,,,
results/radioml2018_iqgrid_conv2d_dcll_small_20251202_135722,radioml2018_iqgrid_conv2d_dcll_small,tf_events,conv2d_snn,dcll,16,,,,42,,,,2,0.27728000341448933,0.8759765625,0.2756961003469769,0.87255859375,radioml2018_iqgrid_conv2d_dcll_small_20251202_135722,2025-12-02 13:57:22,2025-12-02,13:57:22,,"-4,0,4,8,12",-4,12,5,,0.8425925925925926,0.6635514018691588,0.9696969696969697,0.9696202531645569,0.9340659340659341,,,,,,,,,,,,,,,,,,,
results/radioml2018_small_hrm_bptt_1_20251205_091133,radioml2018_small_hrm_bptt_1,iq_grid,hrm_rf,bptt,16,,,,42,,,,2,0.8586261868476868,0.8431372549019608,0.7291586399078369,0.8653846153846154,radioml2018_small_hrm_bptt_1_20251205_091133,2025-12-05 09:11:33,2025-12-05,09:11:33,0.8653846153846154,30,30,30,1,,,,,,,,,,,,,,,,,,,,,,,,,
results/radioml2018_small_hrm_bptt_1_20251205_093242,radioml2018_small_hrm_bptt_1,iq_grid,hrm_rf,bptt,16,,,,42,,,,4,0.2614577048354679,0.8913308913308914,0.327007874919147,0.8646341463414634,radioml2018_small_hrm_bptt_1_20251205_093242,2025-12-05 09:32:42,2025-12-05,09:32:42,0.8646341463414634,30,30,30,1,,,,,,,,,,,,,,,,,,,,,,,,,
results/radioml2018_iqgrid_hrm_bptt_small_1_20251204_164330,radioml2018_iqgrid_hrm_bptt_small_1,iq_grid,hrm_rf,dcll,16,,,,42,,,,2,0.28793293316054397,0.8298271975957926,0.6089646922794446,0.8214419827262486,radioml2018_iqgrid_hrm_bptt_small_1_20251204_164330,2025-12-04 16:43:30,2025-12-04,16:43:30,1.0,"-20,-18,-16,-14,-12,-10,-8,-6,-4,-2,0,2,4,6,8,10,12,14,16,18,20,22,24,26,28,30",-20,30,26,1.0,0.9095238095238095,0.6264367816091954,1.0,1.0,1.0,1.0,1.0,0.5260115606936416,0.5136363636363637,1.0,1.0,1.0,1.0,0.48717948717948717,0.4433497536945813,0.5130890052356021,0.7853881278538812,1.0,1.0,1.0,0.52,1.0,0.4652173913043478,0.4803921568627451
results/radioml2018_iqgrid_conv2d_dcll_small_20251202_143840,radioml2018_iqgrid_conv2d_dcll_small,tf_events,lsm,dcll,16,,,,42,,,,2,0.4257207599002868,0.8056640625,0.4130026667844504,0.80908203125,radioml2018_iqgrid_conv2d_dcll_small_20251202_143840,2025-12-02 14:38:40,2025-12-02,14:38:40,,"-4,0,4,8,12",-4,12,5,,0.7939814814814815,0.616822429906542,0.9044289044289044,0.8607594936708861,0.8846153846153846,,,,,,,,,,,,,,,,,,,
results/radioml2018_iqgrid_hrm_bptt_small_1_20251204_163813,radioml2018_iqgrid_hrm_bptt_small_1,iq_grid,hrm_rf,bptt,16,,,,42,,,,2,0.4855316890481049,0.7970660146699267,0.5162252515481917,0.805352798053528,radioml2018_iqgrid_hrm_bptt_small_1_20251204_163813,2025-12-04 16:38:13,2025-12-04,16:38:13,,"0,10",0,10,2,0.995260663507109,0.605,,,,,,,,,,,,,,,,,,,,,,,
results/radioml2018_iqgrid_hrm_bptt_small_1_20251204_163528,radioml2018_iqgrid_hrm_bptt_small_1,iq_grid,hrm_rf,bptt,16,,,,42,,,,2,0.4331348884513734,0.7897310513447433,0.3998146264512463,0.8004866180048662,radioml2018_iqgrid_hrm_bptt_small_1_20251204_163528,2025-12-04 16:35:28,2025-12-04,16:35:28,,"0,10",0,10,2,0.981042654028436,0.61,,,,,,,,,,,,,,,,,,,,,,,
results/radioml2018_iqgrid_conv2d_dcll_small_20251202_124853,radioml2018_iqgrid_conv2d_dcll_small,iq_grid,conv2d_snn,dcll,16,,,,42,,,,2,1.6106816530227661,0.8333333333333334,2.3917410373687744,0.7857142857142857,radioml2018_iqgrid_conv2d_dcll_small_20251202_124853,2025-12-02 12:48:53,2025-12-02,12:48:53,,"0,10",0,10,2,1.0,0.5,,,,,,,,,,,,,,,,,,,,,,,
results/radioml2018_iqgrid_hrm_dcll_small_1_20251204_161430,radioml2018_iqgrid_hrm_dcll_small_1,iq_grid,hrm_rf,bptt,16,,,,42,,,,2,0.2960524062315623,0.8725490196078431,0.5159757004200833,0.7815533980582524,radioml2018_iqgrid_hrm_dcll_small_1_20251204_161430,2025-12-04 16:14:30,2025-12-04,16:14:30,,"0,10",0,10,2,0.972972972972973,0.5578947368421052,,,,,,,,,,,,,,,,,,,,,,,
results/radioml2018_iqgrid_hrm_dcll_small_1_20251204_161811,radioml2018_iqgrid_hrm_dcll_small_1,iq_grid,hrm_rf,bptt,16,,,,42,,,,2,0.40512832875356697,0.7970660146699267,0.5741705981484295,0.7688564476885644,radioml2018_iqgrid_hrm_dcll_small_1_20251204_161811,2025-12-04 16:18:11,2025-12-04,16:18:11,,"0,10",0,10,2,0.9715639810426541,0.555,,,,,,,,,,,,,,,,,,,,,,,
results/project_runs_0_conv2d_iqgrid_bptt_20260106_224907,project_runs_0_conv2d_iqgrid_bptt,iq_grid,conv2d_snn,bptt,16,,,,42,mps,1040.0346874580719,1047.4948789170012,4,0.5652343088599497,0.7619047619047619,0.560664714254984,0.7585365853658537,project_runs_0_conv2d_iqgrid_bptt_20260106_224907,2026-01-06 22:49:07,2026-01-06,22:49:07,0.8121827411167513,"0,10,20,30",0,30,4,0.8333333333333334,0.5701357466063348,,,,,,,,,0.8385416666666666,,,,,,,,,,,,,,
results/radioml2018_iqgrid_hrm_dcll_small_20251204_143420,radioml2018_iqgrid_hrm_dcll_small,iq_grid,hrm_rf,bptt,16,,,,42,,,,2,0.507123636264427,0.8235294117647058,0.6358604014498516,0.7572815533980582,radioml2018_iqgrid_hrm_dcll_small_20251204_143420,2025-12-04 14:34:20,2025-12-04,14:34:20,,"0,10",0,10,2,0.9285714285714286,0.5531914893617021,,,,,,,,,,,,,,,,,,,,,,,
results/radioml2018_iqgrid_hrm_dcll_small_1_20251204_160604,radioml2018_iqgrid_hrm_dcll_small_1,iq_grid,hrm_rf,bptt,16,,,,42,,,,2,0.27878306192510266,0.8823529411764706,0.5229530716405332,0.7475728155339806,radioml2018_iqgrid_hrm_dcll_small_1_20251204_160604,2025-12-04 16:06:04,2025-12-04,16:06:04,,"0,10",0,10,2,0.954954954954955,0.5052631578947369,,,,,,,,,,,,,,,,,,,,,,,
results/radioml2018_small_hrm_bptt_1_20251207_151643,radioml2018_small_hrm_bptt_1,iq_grid,hrm_rf,bptt,16,,,,42,mps,2984.523595375009,2986.771672749892,6,0.5224473548702074,0.7281237281237282,0.4910736993809646,0.7381049206994713,radioml2018_small_hrm_bptt_1_20251207_151643,2025-12-07 15:16:43,2025-12-07,15:16:43,0.7381049206994713,30,30,30,1,,,,,,,,,,,,,,,,,,,,,,,,,
results/radioml2018_full_conv2dsnn_bptt_20251204_174302,radioml2018_full_conv2dsnn_bptt,iq_grid,conv2d_snn,bptt,16,,,,42,,,,4,0.45668162219681774,0.7530562347188264,0.5102645383554073,0.732360097323601,radioml2018_full_conv2dsnn_bptt_20251204_174302,2025-12-04 17:43:02,2025-12-04,17:43:02,,0,0,0,1,,0.732360097323601,,,,,,,,,,,,,,,,,,,,,,,
results/project_runs_1_conv2d_.iqgrid_bptt_20260106_180718,project_runs_1_conv2d_.iqgrid_bptt,iq_grid,conv2d_snn,bptt,16,,,,42,mps,1347.5663363330532,1351.3766689589247,6,0.6105650360498832,0.749185667752443,0.630939585600442,0.7268292682926829,project_runs_1_conv2d_.iqgrid_bptt_20260106_180718,2026-01-06 18:07:18,2026-01-06,18:07:18,0.7894736842105263,"0,10,20,30",0,30,4,0.813953488372093,0.5,,,,,,,,,0.8025078369905956,,,,,,,,,,,,,,
results/project_runs_1_conv2d_.iqgrid_bptt_20260105_111001,project_runs_1_conv2d_.iqgrid_bptt,iq_grid,conv2d_snn,bptt,16,,,,42,mps,1188.2320512910374,1189.194243709091,2,0.552619844893663,0.7334963325183375,0.5601485206262908,0.7177615571776156,project_runs_1_conv2d_.iqgrid_bptt_20260105_111001,2026-01-05 11:10:01,2026-01-05,11:10:01,0.7777777777777778,"0,10,20,30",0,30,4,0.8181818181818182,0.5148514851485149,,,,,,,,,0.7572815533980582,,,,,,,,,,,,,,
results/radioml2018_iqgrid_hrm_dcll_small_1_20251204_160438,radioml2018_iqgrid_hrm_dcll_small_1,iq_grid,hrm_rf,bptt,16,,,,42,,,,2,0.6790816187858582,0.6666666666666666,0.6106857657432556,0.7142857142857143,radioml2018_iqgrid_hrm_dcll_small_1_20251204_160438,2025-12-04 16:04:38,2025-12-04,16:04:38,,"0,10",0,10,2,0.5,1.0,,,,,,,,,,,,,,,,,,,,,,,
results/project_runs_2_2_conv2d_iqgrid_bptt_lr_sched_20260105_193724,project_runs_2_2_conv2d_iqgrid_bptt_lr_sched,iq_grid,conv2d_snn,bptt,16,,,,0,mps,8368.803730667103,8375.821029125014,6,0.6326840834060625,0.7224257224257224,0.6320266535777588,0.7137047580317202,project_runs_2_2_conv2d_iqgrid_bptt_lr_sched_20260105_193724,2026-01-05 19:37:24,2026-01-05,19:37:24,0.8201058201058201,"0,10,20,30",0,30,4,0.7579908675799086,0.48688524590163934,,,,,,,,,0.792,,,,,,,,,,,,,,
results/project_runs_2_1_conv2d_iqgrid_bptt_20260105_142430,project_runs_2_1_conv2d_iqgrid_bptt,iq_grid,conv2d_snn,bptt,16,,,,0,mps,4222.386743791867,4225.935118958121,6,0.5841432242906055,0.7288273615635179,0.628628286210502,0.7105691056910569,project_runs_2_1_conv2d_iqgrid_bptt_20260105_142430,2026-01-05 14:24:30,2026-01-05,14:24:30,0.7973421926910299,"0,10,20,30",0,30,4,0.7653429602888087,0.46546546546546547,,,,,,,,,0.8369905956112853,,,,,,,,,,,,,,
results/project_runs_1_conv2d_.iqgrid_bptt_20260106_134422,project_runs_1_conv2d_.iqgrid_bptt,iq_grid,conv2d_snn,bptt,16,,,,42,mps,1187.2707712920383,1188.4542940829415,2,0.5799988830293594,0.7188264058679706,0.5820455925308005,0.708029197080292,project_runs_1_conv2d_.iqgrid_bptt_20260106_134422,2026-01-06 13:44:22,2026-01-06,13:44:22,0.7685185185185185,"0,10,20,30",0,30,4,0.7575757575757576,0.5841584158415841,,,,,,,,,0.7184466019417476,,,,,,,,,,,,,,
results/radioml2018_small_hrm_bptt_1_20251207_144344,radioml2018_small_hrm_bptt_1,iq_grid,hrm_rf,bptt,16,,,,42,mps,1393.595663541928,1394.4503534999676,6,0.7466509678076455,0.6335504885993485,0.6528344951024869,0.6861788617886179,radioml2018_small_hrm_bptt_1_20251207_144344,2025-12-07 14:43:44,2025-12-07,14:43:44,0.6861788617886179,30,30,30,1,,,,,,,,,,,,,,,,,,,,,,,,,
results/radioml2018_small_hrm_bptt_1_20251205_091728,radioml2018_small_hrm_bptt_1,iq_grid,hrm_rf,bptt,16,,,,42,,,,4,0.5793083667900859,0.6992665036674817,0.5434172365932279,0.6861313868613139,radioml2018_small_hrm_bptt_1_20251205_091728,2025-12-05 09:17:28,2025-12-05,09:17:28,0.6861313868613139,30,30,30,1,,,,,,,,,,,,,,,,,,,,,,,,,
results/radioml2018_small_hrm_bptt_1_20251205_103514,radioml2018_small_hrm_bptt_1,iq_grid,hrm_rf,bptt,16,,,,42,,,,6,0.7231986685762188,0.6302931596091205,0.6168809647482585,0.6829268292682927,radioml2018_small_hrm_bptt_1_20251205_103514,2025-12-05 10:35:14,2025-12-05,10:35:14,0.6829268292682927,30,30,30,1,,,,,,,,,,,,,,,,,,,,,,,,,
results/project_runs_2_conv2d_.iqgrid_bptt_20260105_114447,project_runs_2_conv2d_.iqgrid_bptt,iq_grid,conv2d_snn,bptt,16,,,,42,mps,3556.1719122920185,3558.7670912919566,6,0.64404997569342,0.6978827361563518,0.6629244974958218,0.6813008130081301,project_runs_2_conv2d_.iqgrid_bptt_20260105_114447,2026-01-05 11:44:47,2026-01-05,11:44:47,0.7203947368421053,"0,10,20,30",0,30,4,0.770764119601329,0.5032679738562091,,,,,,,,,0.7304075235109718,,,,,,,,,,,,,,
results/radioml2018_iqgrid_hrm_dcll_small_1_20251204_160459,radioml2018_iqgrid_hrm_dcll_small_1,iq_grid,hrm_rf,bptt,16,,,,42,,,,2,0.40624984923531027,0.7843137254901961,0.618994971880546,0.6730769230769231,radioml2018_iqgrid_hrm_dcll_small_1_20251204_160459,2025-12-04 16:04:59,2025-12-04,16:04:59,,"0,10",0,10,2,0.9375,0.5555555555555556,,,,,,,,,,,,,,,,,,,,,,,
results/radioml2018_small_hrm_bptt_1_20251207_143236,radioml2018_small_hrm_bptt_1,iq_grid,hrm_rf,bptt,16,,,,42,mps,407.9795006252825,409.17187304096296,6,0.7654770919476735,0.5879478827361564,0.6703921810398257,0.6552845528455284,radioml2018_small_hrm_bptt_1_20251207_143236,2025-12-07 14:32:36,2025-12-07,14:32:36,0.6552845528455284,30,30,30,1,,,,,,,,,,,,,,,,,,,,,,,,,
results/project_runs_1_conv2d_.iqgrid_bptt_20260105_221731,project_runs_1_conv2d_.iqgrid_bptt,iq_grid,conv2d_snn,bptt,16,,,,42,mps,148.66418283316307,149.8690615000669,2,0.5992894531170722,0.6894865525672371,0.626546290379081,0.6520681265206812,project_runs_1_conv2d_.iqgrid_bptt_20260105_221731,2026-01-05 22:17:31,2026-01-05,22:17:31,0.7222222222222222,"0,10,20,30",0,30,4,0.6868686868686869,0.5544554455445545,,,,,,,,,0.6407766990291263,,,,,,,,,,,,,,
results/radioml2018_iqgrid_conv2d_dcll_small_20251202_131613,radioml2018_iqgrid_conv2d_dcll_small,sigma_delta,conv2d_snn,dcll,16,,,,42,,,,2,6.025358200073242,0.5,2.3140628337860107,0.6428571428571429,radioml2018_iqgrid_conv2d_dcll_small_20251202_131613,2025-12-02 13:16:13,2025-12-02,13:16:13,,"0,10",0,10,2,0.75,0.5,,,,,,,,,,,,,,,,,,,,,,,
results/radioml2018_iqgrid_conv2d_dcll_small_20251202_131817,radioml2018_iqgrid_conv2d_dcll_small,tf_events,conv2d_snn,dcll,16,,,,42,,,,2,0.714576244354248,0.5833333333333334,0.672667920589447,0.6428571428571429,radioml2018_iqgrid_conv2d_dcll_small_20251202_131817,2025-12-02 13:18:17,2025-12-02,13:18:17,,"0,10",0,10,2,0.75,0.5,,,,,,,,,,,,,,,,,,,,,,,
results/radioml2018_iqgrid_conv2d_dcll_small_20251202_112828,radioml2018_iqgrid_conv2d_dcll_small,iq_grid,conv2d_snn,dcll,16,,,,42,,,,2,1.0052322149276733,0.5833333333333334,4.161538600921631,0.6428571428571429,radioml2018_iqgrid_conv2d_dcll_small_20251202_112828,2025-12-02 11:28:28,2025-12-02,11:28:28,,"0,10",0,10,2,0.75,0.5,,,,,,,,,,,,,,,,,,,,,,,
results/radioml2018_iqgrid_conv2d_dcll_small_20251202_124939,radioml2018_iqgrid_conv2d_dcll_small,iq_grid,conv2d_snn,dcll,16,,,,42,,,,2,13.457398414611816,0.5,0.7732483744621277,0.6428571428571429,radioml2018_iqgrid_conv2d_dcll_small_20251202_124939,2025-12-02 12:49:39,2025-12-02,12:49:39,,"0,10",0,10,2,0.75,0.5,,,,,,,,,,,,,,,,,,,,,,,
results/radioml2018_iqgrid_conv2d_dcll_small_20251202_132331,radioml2018_iqgrid_conv2d_dcll_small,tf_events,conv2d_snn,dcll,8,,,,42,,,,2,0.6390215223655105,0.630859375,0.6439034971408546,0.6376953125,radioml2018_iqgrid_conv2d_dcll_small_20251202_132331,2025-12-02 13:23:31,2025-12-02,13:23:31,,"-4,0,4,8,12",-4,12,5,,0.6134020618556701,0.5797872340425532,0.6555023923444976,0.711340206185567,0.6276150627615062,,,,,,,,,,,,,,,,,,,
results/radioml2018_small_hrm_bptt_1_20251205_095225,radioml2018_small_hrm_bptt_1,iq_grid,hrm_rf,bptt,16,,,,42,,,,4,0.6599961647486046,0.6772616136919315,0.6574523547560049,0.6301703163017032,radioml2018_small_hrm_bptt_1_20251205_095225,2025-12-05 09:52:25,2025-12-05,09:52:25,0.6301703163017032,30,30,30,1,,,,,,,,,,,,,,,,,,,,,,,,,
results/project_runs_1_conv2d_.iqgrid_bptt_20260105_222831,project_runs_1_conv2d_.iqgrid_bptt,iq_grid,conv2d_snn,bptt,16,,,,42,mps,148.18840891681612,149.37556820805185,2,0.6347393926897958,0.6454767726161369,0.6466371544666244,0.6180048661800487,project_runs_1_conv2d_.iqgrid_bptt_20260105_222831,2026-01-05 22:28:31,2026-01-05,22:28:31,0.7222222222222222,"0,10,20,30",0,30,4,0.494949494949495,0.5643564356435643,,,,,,,,,0.6796116504854369,,,,,,,,,,,,,,
results/radioml2018_iqgrid_hrm_dcll_small_20251204_143156,radioml2018_iqgrid_hrm_dcll_small,iq_grid,hrm_rf,bptt,16,,,,42,,,,2,0.6709756652514139,0.5882352941176471,0.6588201401303115,0.5728155339805825,radioml2018_iqgrid_hrm_dcll_small_20251204_143156,2025-12-04 14:31:56,2025-12-04,14:31:56,,"0,10",0,10,2,0.5892857142857143,0.5531914893617021,,,,,,,,,,,,,,,,,,,,,,,
results/radioml2018_iqgrid_conv2d_dcll_small_20251202_134227,radioml2018_iqgrid_conv2d_dcll_small,tf_events,conv2d_snn,dcll,8,,,,42,,,,4,0.7899574041366577,0.5703125,0.8009329161141068,0.572265625,radioml2018_iqgrid_conv2d_dcll_small_20251202_134227,2025-12-02 13:42:27,2025-12-02,13:42:27,,"-4,0,4,8,12",-4,12,5,,0.5432977461447213,0.44945188794153473,0.6343825665859564,0.6186961869618696,0.617906683480454,,,,,,,,,,,,,,,,,,,
results/radioml2018_small_hrm_bptt_1_20251207_142039,radioml2018_small_hrm_bptt_1,iq_grid,hrm_rf,bptt,16,,,,42,mps,136.12575158290565,136.97069808281958,6,0.8007977932982802,0.5456026058631922,0.7685296887304724,0.5707317073170731,radioml2018_small_hrm_bptt_1_20251207_142039,2025-12-07 14:20:39,2025-12-07,14:20:39,0.5707317073170731,30,30,30,1,,,,,,,,,,,,,,,,,,,,,,,,,
results/radioml2018_iqgrid_conv2d_dcll_small_3_20251204_133303,radioml2018_iqgrid_conv2d_dcll_small_3,iq_grid,conv2d_snn,dcll,16,,,,42,,,,2,0.24313649885794697,0.9166666666666666,0.8494966180579177,0.5679611650485437,radioml2018_iqgrid_conv2d_dcll_small_3_20251204_133303,2025-12-04 13:33:03,2025-12-04,13:33:03,,"0,10",0,10,2,0.6216216216216216,0.5052631578947369,,,,,,,,,,,,,,,,,,,,,,,
results/project_runs_1__2conv2d_sigma_bptt_20260107_090818 copy,project_runs_1__2conv2d_sigma_bptt,sigma_delta,conv2d_snn,bptt,16,,,,42,mps,4398.051097290823,4420.266697000014,6,1.0528259049662416,0.5729788388497016,1.0582207495633538,0.5672451193058569,project_runs_1__2conv2d_sigma_bptt_20260107_090818 copy,2026-01-07 10:40:35.135748,2026-01-07,10:40:35,0.8836363636363637,"-20,-10,0,10,20,30",-20,30,6,0.8539682539682539,0.4854368932038835,,,,,,,0.1737704918032787,0.19047619047619047,0.8782894736842105,,,,,,,,,,,,,,
results/project_runs_1__2conv2d_sigma_bptt_20260107_090818,project_runs_1__2conv2d_sigma_bptt,sigma_delta,conv2d_snn,bptt,16,,,,42,mps,4398.051097290823,4420.266697000014,6,1.0528259049662416,0.5729788388497016,1.0582207495633538,0.5672451193058569,project_runs_1__2conv2d_sigma_bptt_20260107_090818,2026-01-07 09:08:18,2026-01-07,09:08:18,0.8836363636363637,"-20,-10,0,10,20,30",-20,30,6,0.8539682539682539,0.4854368932038835,,,,,,,0.1737704918032787,0.19047619047619047,0.8782894736842105,,,,,,,,,,,,,,
results/project_runs_1_conv2d_.iqgrid_bptt_20260106_141015,project_runs_1_conv2d_.iqgrid_bptt,iq_grid,conv2d_snn,bptt,16,,,,42,mps,148.20596495899372,149.30393725004978,2,0.6683927550001074,0.5941320293398533,0.6747205116743009,0.5669099756690997,project_runs_1_conv2d_.iqgrid_bptt_20260106_141015,2026-01-06 14:10:15,2026-01-06,14:10:15,0.6481481481481481,"0,10,20,30",0,30,4,0.5656565656565656,0.44554455445544555,,,,,,,,,0.6019417475728155,,,,,,,,,,,,,,
results/project_runs_1_conv2d_.iqgrid_bptt_20260106_204112,project_runs_1_conv2d_.iqgrid_bptt,iq_grid,conv2d_snn,bptt,16,,,,42,mps,4888.456548665883,4893.927526374813,6,1.068741743032918,0.5659251220835594,1.0791154890412105,0.559652928416486,project_runs_1_conv2d_.iqgrid_bptt_20260106_204112,2026-01-06 20:41:12,2026-01-06,20:41:12,0.8581818181818182,"-20,-10,0,10,20,30",-20,30,6,0.8666666666666667,0.47896440129449835,,,,,,,0.18360655737704917,0.15476190476190477,0.8782894736842105,,,,,,,,,,,,,,
results/project_runs_1_conv2d_.iqgrid_bptt_20260106_143931,project_runs_1_conv2d_.iqgrid_bptt,iq_grid,conv2d_snn,bptt,16,,,,42,mps,168.29836395801976,169.6770511660725,2,0.709337789446917,0.6039119804400978,0.7411318915893852,0.5523114355231143,project_runs_1_conv2d_.iqgrid_bptt_20260106_143931,2026-01-06 14:39:31,2026-01-06,14:39:31,0.5740740740740741,"0,10,20,30",0,30,4,0.5252525252525253,0.5247524752475248,,,,,,,,,0.5825242718446602,,,,,,,,,,,,,,
results/project_runs_1_conv2d_.iqgrid_bptt_20260106_164700,project_runs_1_conv2d_.iqgrid_bptt,iq_grid,conv2d_snn,bptt,16,,,,42,mps,149.43361558392644,150.62735974998213,2,0.6702478101026167,0.6259168704156479,0.7249675574383887,0.5523114355231143,project_runs_1_conv2d_.iqgrid_bptt_20260106_164700,2026-01-06 16:47:00,2026-01-06,16:47:00,0.6203703703703703,"0,10,20,30",0,30,4,0.5050505050505051,0.44554455445544555,,,,,,,,,0.6310679611650486,,,,,,,,,,,,,,
results/project_runs_1_conv2d_iqgrid_dcll_20260107_134110,project_runs_1_conv2d_iqgrid_dcll,iq_grid,conv2d_snn,dcll,16,,,,42,mps,3826.6936116248835,3849.8482212920208,6,1.1308424603466876,0.5604991861096039,1.147787561644184,0.5504338394793926,project_runs_1_conv2d_iqgrid_dcll_20260107_134110,2026-01-07 13:41:10,2026-01-07,13:41:10,0.8727272727272727,"-20,-10,0,10,20,30",-20,30,6,0.8444444444444444,0.3818770226537217,,,,,,,0.20655737704918034,0.19642857142857142,0.8618421052631579,,,,,,,,,,,,,,
results/radioml2018_iqgrid_conv2d_dcll_small_20251202_132517,radioml2018_iqgrid_conv2d_dcll_small,tf_events,conv2d_snn,dcll,8,,,,42,,,,4,0.825529785361141,0.5634765625,0.8326762202195823,0.55029296875,radioml2018_iqgrid_conv2d_dcll_small_20251202_132517,2025-12-02 13:25:17,2025-12-02,13:25:17,,"-4,0,4,8,12",-4,12,5,,0.5404761904761904,0.4293193717277487,0.5888324873096447,0.5813953488372093,0.6018957345971564,,,,,,,,,,,,,,,,,,,
results/project_runs_0_conv2d_iqgrid_bptt_20260106_221037,project_runs_0_conv2d_iqgrid_bptt,iq_grid,conv2d_snn,bptt,16,,,,42,mps,174.21574187488295,179.2954889999237,2,0.7048997202828927,0.5574572127139364,0.7008967527217819,0.5498783454987834,project_runs_0_conv2d_iqgrid_bptt_20260106_221037,2026-01-06 22:10:37,2026-01-06,22:10:37,0.5648148148148148,"0,10,20,30",0,30,4,0.5858585858585859,0.504950495049505,,,,,,,,,0.5436893203883495,,,,,,,,,,,,,,
results/project_runs_1_conv2d_ann_iqgrid_bptt_20260107_192337,project_runs_1_conv2d_ann_iqgrid_bptt,iq_grid,conv2d_ann,bptt,16,,,,42,mps,6619.004024833906,6640.886822915869,6,1.0635208817066477,0.5691806836679327,1.0916018454992331,0.5455531453362256,project_runs_1_conv2d_ann_iqgrid_bptt_20260107_192337,2026-01-07 19:23:37,2026-01-07,19:23:37,0.8690909090909091,"-20,-10,0,10,20,30",-20,30,6,0.8507936507936508,0.44660194174757284,,,,,,,0.15081967213114755,0.17559523809523808,0.8421052631578947,,,,,,,,,,,,,,
results/project_runs_1_conv2d_iqgrid_local_20260107_194446,project_runs_1_conv2d_iqgrid_local,iq_grid,conv2d_snn,local_rule,16,,,,42,mps,5776.8909634999,5793.862601249944,6,1.2687585140400068,0.5485621269669018,1.2973904806207421,0.5433839479392625,project_runs_1_conv2d_iqgrid_local_20260107_194446,2026-01-07 19:44:46,2026-01-07,19:44:46,0.8618181818181818,"-20,-10,0,10,20,30",-20,30,6,0.8507936507936508,0.2912621359223301,,,,,,,0.21311475409836064,0.22023809523809523,0.881578947368421,,,,,,,,,,,,,,
results/radioml2018_iqgrid_conv2d_dcll_small_20251204_125056,radioml2018_iqgrid_conv2d_dcll_small,sigma_delta,conv2d_snn,bptt,16,,,,42,,,,2,4.909517198801041,0.578125,0.8785033077001572,0.53125,radioml2018_iqgrid_conv2d_dcll_small_20251204_125056,2025-12-04 12:50:56,2025-12-04,12:50:56,,"-4,0,4,8,12",-4,12,5,,0.45454545454545453,0.3888888888888889,0.6666666666666666,0.6923076923076923,0.42857142857142855,,,,,,,,,,,,,,,,,,,
results/project_runs_1_conv2d_.iqgrid_bptt_20260105_102420,project_runs_1_conv2d_.iqgrid_bptt,iq_grid,conv2d_snn,bptt,16,,,,42,mps,880.7608789580408,881.7766484161839,2,0.6024530945313881,0.7188264058679706,1.1615250003308855,0.5279805352798054,project_runs_1_conv2d_.iqgrid_bptt_20260105_102420,2026-01-05 10:24:20,2026-01-05,10:24:20,0.5833333333333334,"0,10,20,30",0,30,4,0.47474747474747475,0.5247524752475248,,,,,,,,,0.5242718446601942,,,,,,,,,,,,,,
results/project_runs_1_conv2d_.iqgrid_bptt_20260107_075914,project_runs_1_conv2d_.iqgrid_bptt,iq_grid,conv2d_snn,bptt,16,,,,42,mps,3579.1491717081517,3613.6925528331194,6,1.110292853833021,0.5463917525773195,1.140945827624803,0.5254880694143167,project_runs_1_conv2d_.iqgrid_bptt_20260107_075914,2026-01-07 07:59:14,2026-01-07,07:59:14,0.8145454545454546,"-20,-10,0,10,20,30",-20,30,6,0.8126984126984127,0.313915857605178,,,,,,,0.1901639344262295,0.2261904761904762,0.8486842105263158,,,,,,,,,,,,,,
results/radioml2018_small_hrm_bptt_1_20251207_141517,radioml2018_small_hrm_bptt_1,iq_grid,hrm_rf,bptt,16,,,,42,cpu,256.0643611671403,261.1383234169334,6,0.8085448516696594,0.506514657980456,0.768977161248525,0.5252032520325203,radioml2018_small_hrm_bptt_1_20251207_141517,2025-12-07 14:15:17,2025-12-07,14:15:17,0.5252032520325203,30,30,30,1,,,,,,,,,,,,,,,,,,,,,,,,,
results/project_runs_1_conv2d_.iqgrid_bptt_20260105_101710,project_runs_1_conv2d_.iqgrid_bptt,iq_grid,conv2d_snn,bptt,16,,,,42,mps,157.1633984169457,158.11191879212856,2,1.0194803524425384,0.5574572127139364,1.4655490298630838,0.5182481751824818,project_runs_1_conv2d_.iqgrid_bptt_20260105_101710,2026-01-05 10:17:10,2026-01-05,10:17:10,0.5092592592592593,"0,10,20,30",0,30,4,0.5353535353535354,0.4752475247524752,,,,,,,,,0.5533980582524272,,,,,,,,,,,,,,
results/radioml2018_iqgrid_hrm_dcll_small_20251204_143338,radioml2018_iqgrid_hrm_dcll_small,iq_grid,hrm_rf,bptt,16,,,,42,,,,2,0.6872267898391274,0.5294117647058824,0.6951512196688976,0.5145631067961165,radioml2018_iqgrid_hrm_dcll_small_20251204_143338,2025-12-04 14:33:38,2025-12-04,14:33:38,,"0,10",0,10,2,0.4642857142857143,0.574468085106383,,,,,,,,,,,,,,,,,,,,,,,
results/radioml2018_small_hrm_bptt_1_20251205_091530,radioml2018_small_hrm_bptt_1,iq_grid,hrm_rf,bptt,16,,,,42,,,,4,0.7404674221487606,0.6078431372549019,0.7741716295770071,0.5145631067961165,radioml2018_small_hrm_bptt_1_20251205_091530,2025-12-05 09:15:30,2025-12-05,09:15:30,0.5145631067961165,30,30,30,1,,,,,,,,,,,,,,,,,,,,,,,,,
results/radioml2018_iqgrid_hrm_dcll_small_20251204_143123,radioml2018_iqgrid_hrm_dcll_small,iq_grid,hrm_rf,bptt,16,,,,42,,,,2,0.6853072643280029,0.8333333333333334,0.6853183507919312,0.5,radioml2018_iqgrid_hrm_dcll_small_20251204_143123,2025-12-04 14:31:23,2025-12-04,14:31:23,,"0,10",0,10,2,0.75,0.16666666666666666,,,,,,,,,,,,,,,,,,,,,,,
results/radioml2018_iqgrid_conv2d_dcll_small_20251204_124726,radioml2018_iqgrid_conv2d_dcll_small,sigma_delta,conv2d_snn,bptt,16,,,,42,,,,2,12.642183303833008,0.625,6.150606632232666,0.5,radioml2018_iqgrid_conv2d_dcll_small_20251204_124726,2025-12-04 12:47:26,2025-12-04,12:47:26,,"-4,0,4,8,12",-4,12,5,,1.0,0.5,1.0,0.3333333333333333,0.25,,,,,,,,,,,,,,,,,,,
results/radioml2018_iqgrid_conv2d_dcll_small_3_20251204_133122,radioml2018_iqgrid_conv2d_dcll_small_3,iq_grid,conv2d_snn,dcll,16,,,,42,,,,2,1.0273380279541016,0.5,1.078808069229126,0.5,radioml2018_iqgrid_conv2d_dcll_small_3_20251204_133122,2025-12-04 13:31:22,2025-12-04,13:31:22,,"0,10",0,10,2,0.5,0.5,,,,,,,,,,,,,,,,,,,,,,,
results/project_runs_1_conv2d_.iqgrid_bptt_20260105_110801,project_runs_1_conv2d_.iqgrid_bptt,iq_grid,conv2d_snn,bptt,16,,,,42,mps,59.5817079578992,60.48931808397174,2,0.7982066384446067,0.5819070904645477,0.8580516196805485,0.48661800486618007,project_runs_1_conv2d_.iqgrid_bptt_20260105_110801,2026-01-05 11:08:01,2026-01-05,11:08:01,0.5740740740740741,"0,10,20,30",0,30,4,0.37373737373737376,0.504950495049505,,,,,,,,,0.4854368932038835,,,,,,,,,,,,,,
results/radioml2018_iqgrid_conv2d_dcll_small_20251202_132304,radioml2018_iqgrid_conv2d_dcll_small,tf_events,conv2d_snn,dcll,8,,,,42,,,,2,0.6915492489933968,0.5390625,0.7073372453451157,0.4765625,radioml2018_iqgrid_conv2d_dcll_small_20251202_132304,2025-12-02 13:23:04,2025-12-02,13:23:04,,"-4,0,4,8,12",-4,12,5,,0.52,0.5806451612903226,0.5833333333333334,0.28,0.391304347826087,,,,,,,,,,,,,,,,,,,
results/radioml2018_full_hrm_bptt_20251204_171705,radioml2018_full_hrm_bptt,iq_grid,hrm_rf,bptt,16,,,,42,,,,24,1.5556357358321637,0.4682535956304678,1.5905550830877153,0.46304324011330383,radioml2018_full_hrm_bptt_20251204_171705,2025-12-04 17:17:05,2025-12-04,17:17:05,0.7840032480714576,"-20,-18,-16,-14,-12,-10,-8,-6,-4,-2,0,2,4,6,8,10,12,14,16,18,20,22,24,26,28,30",-20,30,26,0.71658615136876,0.33854793421580426,0.2073268921095008,0.7599517490952955,0.669255928045789,0.5328920148944973,0.4565483476132191,0.5881883479648843,0.042774086378737544,0.065748031496063,0.778702163061564,0.7630705394190871,0.7796402289452167,0.7711624139327663,0.08899006622516556,0.0387409200968523,0.0444620881302104,0.2728405315614618,0.7822647793505412,0.7689795918367347,0.7858267716535433,0.04449064449064449,0.7781818181818182,0.1417483660130719,0.04040816326530612
results/radioml2018_iqgrid_conv2d_dcll_small_20251202_132149,radioml2018_iqgrid_conv2d_dcll_small,tf_events,conv2d_snn,dcll,8,,,,42,,,,2,0.702429426651375,0.49019607843137253,0.7020637209598835,0.46153846153846156,radioml2018_iqgrid_conv2d_dcll_small_20251202_132149,2025-12-02 13:21:49,2025-12-02,13:21:49,,"0,10",0,10,2,0.5625,0.4166666666666667,,,,,,,,,,,,,,,,,,,,,,,
results/project_runs_1_conv2d_level_crossing_adc_bptt_20260107_193857,project_runs_1_conv2d_level_crossing_adc_bptt,level_crossing_adc,conv2d_snn,bptt,16,,,,42,mps,5465.46773687494,5501.738485291135,6,1.115852718177336,0.5046120455778622,1.1709024673428814,0.4544468546637744,project_runs_1_conv2d_level_crossing_adc_bptt_20260107_193857,2026-01-07 19:38:57,2026-01-07,19:38:57,0.7018181818181818,"-20,-10,0,10,20,30",-20,30,6,0.6888888888888889,0.36245954692556637,,,,,,,0.14426229508196722,0.14583333333333334,0.7335526315789473,,,,,,,,,,,,,,
results/project_runs_2_2_conv2d_iqgrid_bptt_lr_sched_20260105_224427,project_runs_2_2_conv2d_iqgrid_bptt_lr_sched,iq_grid,conv2d_snn,bptt,16,,,,0,mps,33244.05856004194,33270.76782825007,24,1.554783777618214,0.43814852492370293,1.5410580653380843,0.4401383379106907,project_runs_2_2_conv2d_iqgrid_bptt_lr_sched_20260105_224427,2026-01-05 22:44:27,2026-01-05,22:44:27,0.5353249899071457,"0,10,20,30",0,30,4,0.5010309278350515,0.20437654830718416,,,,,,,,,0.5149581172716394,,,,,,,,,,,,,,
results/radioml2018_iqgrid_conv2d_dcll_small_20251202_144013,radioml2018_iqgrid_conv2d_dcll_small,tf_events,lsm,dcll,16,,,,42,,,,6,1.1660461236412327,0.4305013020833333,1.166403169122835,0.43115234375,radioml2018_iqgrid_conv2d_dcll_small_20251202_144013,2025-12-02 14:40:13,2025-12-02,14:40:13,,"-4,0,4,8,12",-4,12,5,,0.4094488188976378,0.3066115702479339,0.518796992481203,0.4475639966969447,0.4737261146496815,,,,,,,,,,,,,,,,,,,
results/radioml2018_small_hrm_bptt_1_20251205_091105,radioml2018_small_hrm_bptt_1,iq_grid,hrm_rf,bptt,16,,,,42,,,,2,0.6850250363349915,0.5833333333333334,0.7109178900718689,0.42857142857142855,radioml2018_small_hrm_bptt_1_20251205_091105,2025-12-05 09:11:05,2025-12-05,09:11:05,0.42857142857142855,30,30,30,1,,,,,,,,,,,,,,,,,,,,,,,,,
results/radioml2018_iqgrid_hrm_dcll_small_20251204_144701,radioml2018_iqgrid_hrm_dcll_small,iq_grid,hrm_rf,bptt,16,,,,42,,,,24,1.553174983678975,0.4032553407934893,1.6820124911524785,0.3919853539462978,radioml2018_iqgrid_hrm_dcll_small_20251204_144701,2025-12-04 14:47:01,2025-12-04,14:47:01,,"0,10",0,10,2,0.5324357405140759,0.2523326572008114,,,,,,,,,,,,,,,,,,,,,,,
results/project_runs_1__2conv2d_sigma_bptt_20260107_104422,project_runs_1__2conv2d_sigma_bptt,tf_events,conv2d_snn,bptt,16,,,,42,mps,225.5677315830253,229.32788087497465,6,1.3465852204445452,0.39012479652740095,1.3633821988054056,0.37310195227765725,project_runs_1__2conv2d_sigma_bptt_20260107_104422,2026-01-07 10:44:22,2026-01-07,10:44:22,0.5527272727272727,"-20,-10,0,10,20,30",-20,30,6,0.5396825396825397,0.40129449838187703,,,,,,,0.11475409836065574,0.20238095238095238,0.45723684210526316,,,,,,,,,,,,,,
results/radioml2018_iqgrid_conv2d_dcll_small_20251202_112932,radioml2018_iqgrid_conv2d_dcll_small,iq_grid,conv2d_snn,dcll,16,,,,42,,,,2,7.297947406768799,0.5,11.005874633789062,0.35714285714285715,radioml2018_iqgrid_conv2d_dcll_small_20251202_112932,2025-12-02 11:29:32,2025-12-02,11:29:32,,"0,10",0,10,2,0.25,0.5,,,,,,,,,,,,,,,,,,,,,,,
results/radioml2018_iqgrid_conv2d_dcll_medium_20251202_113423,radioml2018_iqgrid_conv2d_dcll_medium,iq_grid,conv2d_snn,dcll,16,,,,42,,,,3,6.932837020519168,0.3372093023255814,2.515848510566799,0.3448275862068966,radioml2018_iqgrid_conv2d_dcll_medium_20251202_113423,2025-12-02 11:34:23,2025-12-02,11:34:23,,"0,4,8",0,8,3,,0.38461538461538464,,,0.375,0.27586206896551724,,,,,,,,,,,,,,,,,,,
results/project_runs_1_conv2d_latency_ttfs_bptt_20260107_193616,project_runs_1_conv2d_latency_ttfs_bptt,latency_ttfs,conv2d_snn,bptt,16,,,,42,mps,3564.899017458083,3612.6024734580424,6,1.5083514962323128,0.32555615843733043,1.5001776523548713,0.3378524945770065,project_runs_1_conv2d_latency_ttfs_bptt_20260107_193616,2026-01-07 19:36:16,2026-01-07,19:36:16,0.48727272727272725,"-20,-10,0,10,20,30",-20,30,6,0.48253968253968255,0.18446601941747573,,,,,,,0.1901639344262295,0.2261904761904762,0.48026315789473684,,,,,,,,,,,,,,
results/project_runs_all_1_conv2d_iqgrid_bptt_20260106_234035,project_runs_all_1_conv2d_iqgrid_bptt,iq_grid,conv2d_snn,bptt,16,,,,42,mps,63702.67546662502,63939.419639957836,24,2.102126688693823,0.33091451629310636,2.0912412027482925,0.3331411908314119,project_runs_all_1_conv2d_iqgrid_bptt_20260106_234035,2026-01-06 23:40:35,2026-01-06,23:40:35,0.564957792876261,"-20,-10,0,10,20,30",-20,30,6,0.553204476093591,0.23083083083083084,,,,,,,0.04375383357186669,0.04364518084461507,0.5688843398157626,,,,,,,,,,,,,,
results/radioml2018_iqgrid_conv2d_dcll_medium_20251202_113024,radioml2018_iqgrid_conv2d_dcll_medium,iq_grid,conv2d_snn,dcll,16,,,,42,,,,3,4.3559135836224225,0.3372093023255814,2.5620598834136437,0.3218390804597701,radioml2018_iqgrid_conv2d_dcll_medium_20251202_113024,2025-12-02 11:30:24,2025-12-02,11:30:24,,"0,4,8",0,8,3,,0.2692307692307692,,,0.34375,0.3448275862068966,,,,,,,,,,,,,,,,,,,
results/project_runs_1_conv2d_.iqgrid_bptt_20260108_003657,project_runs_1_conv2d_.iqgrid_bptt,iq_grid,lsm,bptt,16,,,,42,mps,125.86342362500727,128.73545237490907,6,1.5821692538662444,0.32230059685295714,1.588412646874947,0.31778741865509763,project_runs_1_conv2d_.iqgrid_bptt_20260108_003657,2026-01-08 00:36:57,2026-01-08,00:36:57,0.4690909090909091,"-20,-10,0,10,20,30",-20,30,6,0.4126984126984127,0.23300970873786409,,,,,,,0.11475409836065574,0.18452380952380953,0.5197368421052632,,,,,,,,,,,,,,
results/radioml2018_iqgrid_conv2d_dcll_small_20251202_125125,radioml2018_iqgrid_conv2d_dcll_small,iq_grid,conv2d_snn,dcll,16,,,,42,,,,4,1.3645006716251373,0.453125,1.7667498588562012,0.25,radioml2018_iqgrid_conv2d_dcll_small_20251202_125125,2025-12-02 12:51:25,2025-12-02,12:51:25,,"0,2,4,6,10",0,10,5,0.42857142857142855,0.26666666666666666,,,,0.3333333333333333,0.13333333333333333,0.2,,,,,,,,,,,,,,,,,
results/radioml2018_iqgrid_conv2d_dcll_20251202_113719,radioml2018_iqgrid_conv2d_dcll,iq_grid,conv2d_snn,dcll,16,,,,42,,,,24,2.3229094015227423,0.255859375,2.3822747700744205,0.24522569444444445,radioml2018_iqgrid_conv2d_dcll_20251202_113719,2025-12-02 11:37:19,2025-12-02,11:37:19,,"-4,0,4,8,12",-4,12,5,,0.17789473684210527,0.05408163265306123,0.3577430972388956,0.3590859630032644,0.3023758099352052,,,,,,,,,,,,,,,,,,,
results/project_runs_1_2_conv2d_rate_bptt_20260107_123806,project_runs_1_2_conv2d_rate_bptt,rate_code,conv2d_snn,bptt,16,,,,42,mps,1516.6619685410988,1541.0582627500407,6,1.7281076324678153,0.26044492674986436,1.757640263522266,0.24078091106290672,project_runs_1_2_conv2d_rate_bptt_20260107_123806,2026-01-07 12:38:06,2026-01-07,12:38:06,0.29818181818181816,"-20,-10,0,10,20,30",-20,30,6,0.3238095238095238,0.22330097087378642,,,,,,,0.1540983606557377,0.12797619047619047,0.33223684210526316,,,,,,,,,,,,,,
results/radioml2018_iqgrid_conv2d_dcll_small_20251202_145805,radioml2018_iqgrid_conv2d_dcll_small,tf_events,lsm,dcll,16,,,,42,,,,13,2.052724716468499,0.23888221153846154,2.0572929584349575,0.23182091346153846,radioml2018_iqgrid_conv2d_dcll_small_20251202_145805,2025-12-02 14:58:05,2025-12-02,14:58:05,,"-4,0,4,8,12",-4,12,5,,0.2217557251908397,0.16302263137706174,0.26974437237695537,0.25190286335628853,0.25064695009242144,,,,,,,,,,,,,,,,,,,
results/radioml2018_iqgrid_conv2d_dcll_small_20251202_161338,radioml2018_iqgrid_conv2d_dcll_small,tf_events,lsm,dcll,16,,,,42,,,,13,2.1474078246034107,0.2081580528846154,2.1259685650181313,0.21150090144230768,radioml2018_iqgrid_conv2d_dcll_small_20251202_161338,2025-12-02 16:13:38,2025-12-02,16:13:38,,"-4,0,4,8,12",-4,12,5,,0.19901905300886624,0.1639091958445556,0.24602272727272728,0.23295033358042994,0.21435125711139658,,,,,,,,,,,,,,,,,,,
results/radioml2018_iqgrid_conv2d_dcll_small_20251204_124819,radioml2018_iqgrid_conv2d_dcll_small,tf_events,lsm,dcll,16,,,,42,,,,13,2.2742057115269394,0.17889873798076922,2.261371156845528,0.16669170673076922,radioml2018_iqgrid_conv2d_dcll_small_20251204_124819,2025-12-04 12:48:19,2025-12-04,12:48:19,,"-4,0,4,8,12",-4,12,5,,0.19128466327108093,0.15159676798768756,0.1590909090909091,0.17197924388435878,0.15929528353826392,,,,,,,,,,,,,,,,,,,
results/project_runs_1_conv1d_iqgrid_bptt_20260107_200450,project_runs_1_conv1d_iqgrid_bptt,iq_grid,conv1d_snn,bptt,16,,,,42,mps,2084.8340026249643,2107.5050235830713,6,1.8098596085430938,0.176342919153554,1.808615583142593,0.1621475054229935,project_runs_1_conv1d_iqgrid_bptt_20260107_200450,2026-01-07 20:04:50,2026-01-07,20:04:50,0.14545454545454545,"-20,-10,0,10,20,30",-20,30,6,0.18095238095238095,0.13915857605177995,,,,,,,0.20327868852459016,0.15476190476190477,0.14802631578947367,,,,,,,,,,,,,,
results/radioml2018_iqgrid_conv2d_dcll_small_20251204_125834,radioml2018_iqgrid_conv2d_dcll_small,tf_events,lsm,dcll,64,,,,42,,,,24,2.8102337014351257,0.17005759358958308,2.8172290918711393,0.1568075117370892,radioml2018_iqgrid_conv2d_dcll_small_20251204_125834,2025-12-04 12:58:34,2025-12-04,12:58:34,0.19147157190635453,"-20,-18,-16,-14,-12,-10,-8,-6,-4,-2,0,2,4,6,8,10,12,14,16,18,20,22,24,26,28,30",-20,30,26,0.24159499609069585,0.15020408163265306,0.08401976935749589,0.2454242928452579,0.2526573998364677,0.24411302982731553,0.18203688853247796,0.22073578595317725,0.043547110055423596,0.04203718674211803,0.236,0.2526573998364677,0.24587458745874588,0.19886363636363635,0.038461538461538464,0.046511627906976744,0.041666666666666664,0.11960943856794141,0.20049710024855014,0.24858757062146894,0.20517097581317764,0.05102040816326531,0.1996615905245347,0.06403940886699508,0.03894080996884735
results/radioml2018_iqgrid_conv2d_dcll_small_20251204_130418,radioml2018_iqgrid_conv2d_dcll_small,sigma_delta,conv2d_snn,bptt,16,,,,42,,,,24,4.528805981079738,0.12369791666666667,4.43876513838768,0.11979166666666667,radioml2018_iqgrid_conv2d_dcll_small_20251204_130418,2025-12-04 13:04:18,2025-12-04,13:04:18,,"-4,0,4,8,12",-4,12,5,,0.08333333333333333,0.02564102564102564,0.16326530612244897,0.2,0.13414634146341464,,,,,,,,,,,,,,,,,,,
